<?xml version="1.0"?>
<doc>
    <assembly>
        <name>MySql.Data.EntityFramework</name>
    </assembly>
    <members>
        <member name="T:MySql.Data.EntityFramework.SqlFragmentVisitor">
            <summary>
            Visitor for SqlFragment and derived classes, useful for postprocessing and optimizations.
            </summary>
        </member>
        <member name="T:MySql.Data.EntityFramework.ReplaceTableNameVisitor">
            <summary>
            Visitor to replace old table names with new table names. Used as part postprocessing of the code for fusing nested selects.
            </summary>
        </member>
        <member name="M:MySql.Data.EntityFramework.SelectGenerator.TryFlatteningGroupBy(MySql.Data.EntityFramework.SqlFragment)">
            <summary>
            If input sqlFragment is a group by structure, is flattened to remove some nested correlation queries.
            </summary>
            <param name="input"></param>
            <returns></returns>
        </member>
        <member name="M:MySql.Data.EntityFramework.SqlGenerator.TryFusingSelect(MySql.Data.EntityFramework.InputFragment)">
            <summary>
            If current fragment is select and its from clause is another select, try fuse the inner select with the outer select.
            (Thus removing a nested query, which may have bad performance in Mysql).
            </summary>
            <param name="f">The fragment to probe and posibly optimize</param>
            <returns>The fragment fused, or the original one.</returns>
        </member>
        <member name="M:MySql.Data.EntityFramework.SqlGenerator.TryPromoteToLike(System.Data.Entity.Core.Common.CommandTrees.DbExpression,System.Data.Entity.Core.Common.CommandTrees.DbExpression,System.String)">
            <summary>
            Examines a binary expression to see if it is an special case suitable to conversion 
            to a more efficient and equivalent LIKE sql expression.
            </summary>
            <param name="left"></param>
            <param name="right"></param>
            <param name="op"></param>
            <returns></returns>
        </member>
        <member name="T:MySql.Data.EntityFramework.MySqlConnectionFactory">
            <summary>
            Used for creating connections in Code First 4.3.
            </summary>
        </member>
        <member name="T:MySql.Data.EntityFramework.MySqlExecutionStrategy">
            <summary>
            An execution strategy tailored for handling MySql Server transient errors.
            </summary>
        </member>
        <member name="F:MySql.Data.EntityFramework.MySqlExecutionStrategy.errorsToRetryOn">
            <summary>
            Different back off algorithms used for different errors.
            </summary>
        </member>
        <member name="T:MySql.Data.EntityFramework.BackoffAlgorithm">
            <summary>
            The base class for backoff algorithms.
            </summary>
            <remarks>Different transient error conditions require different approaches.</remarks>
        </member>
        <member name="M:MySql.Data.EntityFramework.BackoffAlgorithm.GetNextDelay">
            <summary>
            The default implementation is an exponential delay backoff.
            </summary>
            <returns></returns>
        </member>
        <member name="M:MySql.Data.EntityFramework.BackoffAlgorithm.Reset">
            <summary>
            Resets a backoff algorithm, so they can be reused.
            </summary>
        </member>
        <member name="T:MySql.Data.EntityFramework.BackoffAlgorithmErr1040">
            <summary>
            Back-off algorithm customized for the MySql error code 1040 - Too many connections.
            </summary>
        </member>
        <member name="T:MySql.Data.EntityFramework.BackoffAlgorithmErr1614">
            <summary>
            Back-off algorithm for the Mysql error code 1614 - Transaction branch was rolled back: deadlock was detected.
            </summary>
        </member>
        <member name="T:MySql.Data.EntityFramework.BackoffAlgorithmErr1205">
            <summary>
            Back-off algorithm customized for the MySql error code 1205 - Lock wait timeout exceeded; try restarting transaction.
            </summary>
        </member>
        <member name="T:MySql.Data.EntityFramework.BackoffAlgorithmErr1213">
            <summary>
            Back-off algorithm customized for MySql error code 1213 - Deadlock found when trying to get lock; try restarting transaction.
            </summary>
        </member>
        <member name="T:MySql.Data.EntityFramework.BackoffAlgorithmErr2006">
            <summary>
            Back-off algorithm customized for MySql error code 2006 - MySQL server has gone away.
            </summary>
        </member>
        <member name="T:MySql.Data.EntityFramework.BackoffAlgorithmErr2013">
            <summary>
            Back-off algorithm customized for MySql error code 2013 - Lost connection to MySQL server during query.
            </summary>
        </member>
        <member name="T:MySql.Data.EntityFramework.BackoffAlgorithmNdb">
            <summary>
            Back-off algorithm customized for MySql Cluster (NDB) errors.
            </summary>
        </member>
        <member name="T:MySql.Data.EntityFramework.MySqlMigrationCodeGenerator">
            <summary>
            Class used to customized code generation
            to avoid dbo. prefix added on table names.
            </summary>
        </member>
        <member name="T:MySql.Data.EntityFramework.MySqlMigrationSqlGenerator">
            <summary>
            Implementation of a MySql's Sql generator for EF 4.3 data migrations.
            </summary>
        </member>
        <member name="T:MySql.Data.EntityFramework.Properties.Resources">
            <summary>
              A strongly-typed resource class, for looking up localized strings, etc.
            </summary>
        </member>
        <member name="P:MySql.Data.EntityFramework.Properties.Resources.ResourceManager">
            <summary>
              Returns the cached ResourceManager instance used by this class.
            </summary>
        </member>
        <member name="P:MySql.Data.EntityFramework.Properties.Resources.Culture">
            <summary>
              Overrides the current thread's CurrentUICulture property for all
              resource lookups using this strongly typed resource class.
            </summary>
        </member>
        <member name="P:MySql.Data.EntityFramework.Properties.Resources.ConnectionMustBeOfTypeMySqlConnection">
            <summary>
              Looks up a localized string similar to The connection parameter must reference an object of type MySql.Data.MySqlConnection.
            </summary>
        </member>
        <member name="P:MySql.Data.EntityFramework.Properties.Resources.NoStoreTypeForEdmType">
            <summary>
              Looks up a localized string similar to There is no store type corresponding to the EDM type &apos;{0}&apos; of primitive type &apos;{1}&apos;..
            </summary>
        </member>
        <member name="P:MySql.Data.EntityFramework.Properties.Resources.TypeNotSupported">
            <summary>
              Looks up a localized string similar to The underlying provider does not support the type &apos;{0}&apos;..
            </summary>
        </member>
        <member name="P:MySql.Data.EntityFramework.Properties.Resources.WrongFunctionResultType">
            <summary>
              Looks up a localized string similar to Result type of a function is expected to be a collection of RowType or PrimitiveType.
            </summary>
        </member>
        <member name="M:MySql.Data.MySqlClient.MySqlProviderServices.SetExpectedTypes(System.Data.Entity.Core.Common.CommandTrees.DbCommandTree,MySql.Data.EntityFramework.EFMySqlCommand)">
            <summary>
            Sets the expected column types
            </summary>
        </member>
        <member name="M:MySql.Data.MySqlClient.MySqlProviderServices.SetQueryExpectedTypes(System.Data.Entity.Core.Common.CommandTrees.DbQueryCommandTree,MySql.Data.EntityFramework.EFMySqlCommand)">
            <summary>
            Sets the expected column types for a given query command tree
            </summary>
        </member>
        <member name="M:MySql.Data.MySqlClient.MySqlProviderServices.SetFunctionExpectedTypes(System.Data.Entity.Core.Common.CommandTrees.DbFunctionCommandTree,MySql.Data.EntityFramework.EFMySqlCommand)">
            <summary>
            Sets the expected column types for a given function command tree
            </summary>
        </member>
    </members>
</doc>
